{
  "f1_pa": {
    "mean": 0.2032967032967033,
    "std": 0.0,
    "runs": [
      0.2032967032967033
    ]
  },
  "auc_pr": {
    "mean": 0.12234737888390135,
    "std": 0.0,
    "runs": [
      0.12234737888390135
    ]
  },
  "auc_roc": {
    "mean": 0.5556986111111111,
    "std": 0.0,
    "runs": [
      0.5556986111111111
    ]
  },
  "precision": {
    "mean": 0.11430855315747403,
    "std": 0.0,
    "runs": [
      0.11430855315747403
    ]
  },
  "recall": {
    "mean": 0.715,
    "std": 0.0,
    "runs": [
      0.715
    ]
  }
}