{
  "f1_pa": {
    "mean": 0.18931710615280595,
    "std": 0.0,
    "runs": [
      0.18931710615280595
    ]
  },
  "auc_pr": {
    "mean": 0.11674157037992103,
    "std": 0.0,
    "runs": [
      0.11674157037992103
    ]
  },
  "auc_roc": {
    "mean": 0.5260597222222223,
    "std": 0.0,
    "runs": [
      0.5260597222222223
    ]
  },
  "precision": {
    "mean": 0.10806577916992952,
    "std": 0.0,
    "runs": [
      0.10806577916992952
    ]
  },
  "recall": {
    "mean": 0.69,
    "std": 0.0,
    "runs": [
      0.69
    ]
  }
}