{
  "f1_pa": {
    "mean": 0.43901694925070167,
    "std": 0.05832515976147256,
    "runs": [
      0.42438870815405605,
      0.5166321886636326,
      0.37602995093441643
    ]
  },
  "auc_pr": {
    "mean": 0.3227122274144751,
    "std": 0.012010683205697625,
    "runs": [
      0.3352105973140473,
      0.3065017258352699,
      0.3264243590941081
    ]
  },
  "auc_roc": {
    "mean": 0.6557770024856097,
    "std": 0.03620254054870891,
    "runs": [
      0.6683321092434994,
      0.6065144181773418,
      0.692484480035988
    ]
  },
  "precision": {
    "mean": 0.3597298400860494,
    "std": 0.1807090407467994,
    "runs": [
      0.25169175528241955,
      0.6143217253291009,
      0.21317603964662787
    ]
  },
  "recall": {
    "mean": 0.4302692137948427,
    "std": 0.17123056017700825,
    "runs": [
      0.4596179307735956,
      0.20742702225584767,
      0.6237626883550847
    ]
  }
}